question_id,question,score_0,score_5,score_7,score_9,unique_texts
Q01,Effective recruitment process,"In order to grow, you continuously need new - and good - people. This is often one of the most important challenges for a growth entrepreneur. You indicate that when it comes to finding new employees you find this very difficult. Ultimately, this is a matter of process, attention and time, often especially on the part of the entrepreneur. How much time do you spend on this? More than one day per week?","In order to grow, you continuously need new - and good - people. This is often one of the most important challenges for a growth entrepreneur. You indicate that when it comes to finding new employees you find this difficult. Ultimately, this is a matter of process, attention and time, often especially on the part of the entrepreneur. How much time do you spend on this? More than one day per week?","In order to grow, you continuously need new - and good - people. This is often one of the most important challenges for a growth entrepreneur. You indicate that when it comes to finding new employees you have this reasonably well under control. That's great. This is most likely due to your recruitment process and the time and attention dedicated towards it. Try to keep this up when you continue to grow.","In order to grow, you continuously need new - and good - people. This is often one of the most important challenges for a growth entrepreneur. You indicate that when it comes to finding new employees you are very successful. That's great! This is most likely due to your recruitment process and the time and attention dedicated towards it. Try to keep this up when you continue to grow.",4
Q02,High staff retention,"Your employee turnover is high. Unwanted turnover is often a sign that processes, strategy or management are not in order. It takes an enormous amount of money and effort to continually find and train new employees. Find out what the reasons are, hold exit interviews and ask yourself whether you yourself would want to work at your company.","Your employee turnover is relatively high. Unwanted turnover is often a sign that processes, strategy or management are not in order. It takes an enormous amount of money and effort to continually find and train new employees. Find out what the reasons are, hold exit interviews and ask yourself whether you yourself would want to work at your company.","Your employee turnover is low. Unwanted turnover is often a sign that processes, strategy or management are not in order. It takes an enormous amount of money and effort to continually find and train new employees. This is hardly a problem for you. That's a good sign. Keep a close eye on this and hold exit interviews with people who leave.","Your employee turnover is very little / none. Unwanted turnover is often a sign that processes, strategy or management are not in order. It takes an enormous amount of money and effort to continually find and train new employees. This is not a problem for you. That's a good sign. Keep a close eye on this when you start or continue to grow.",4
Q03,Onboarding program,"Employees do not receive a comprehensive onboarding program at your company. That really is necessary with a company of your size. A well-thought-out onboarding program will be an enormous help to employees with regard to learning their jobs, becoming familiar with the company's core values and getting to know their coworkers. It will also help with scaling up your company. It might be good to start taking steps toward this now.","Not all employees receive an onboarding program at your company. That really is necessary with a company of your size. A well-thought- out onboarding program will be an enormous help to employees with regard to learning their jobs, becoming familiar with the company's core values and getting to know their coworkers. It will also help with scaling up your company. We recommend that you start taking steps toward this.","Employees do receive a type of onboarding program at your company. That's good, because a well-thought-out onboarding program will be an enormous help to employees with regard to learning their jobs, becoming familiar with the company's core values and getting to know their coworkers. It will also help with scaling up your company.","Employees receive a comprehensive onboarding program at your company. That's good, because a well-thought-out onboarding program will be an enormous help to employees with regard to learning their jobs, becoming familiar with the company's core values and getting to know their coworkers. It will also help with scaling up your company. So keep it up.",4
Q04,Measuring employee satisfaction,"You do not yet measure employee satisfaction. Your company is in the phase where you need to have a systematic understanding of what's going on among your employees. After all, it's no longer possible for you to know them all personally. An employee survey is probably a good start in this respect.",You don't yet systematically measure employee satisfaction. Your company is in the phase where you need to have a systematic understanding of what's going on among your employees. An employee survey is probably a good start in this respect.,You already measure employee satisfaction to a large extent. That's good. Systematic knowledge of what's going on among your employees is necessary to run your company.,"You already measure employee satisfaction. That's good. Systematic knowledge of what's going on among your employees is necessary to run your company. If you no longer know everyone personally anymore, you might think about implementing additional interim measurements.",4
Q05,Positive about re-hiring employees,"You would hire few or none of your current employees again. Ouch. This means that you have either postponed a lot of difficult decisions or you simply have a very bad hiring policy. You should work on this, because without good employees you can't grow.","You would hire few of your current employees again. Ouch. This means that you have either postponed a lot of difficult decisions or you simply have a very bad hiring or development policy. You should work on this, because without good employees you can't grow.",You would not hire all of your current employees again. That's not illogical. Sometimes the company changes so fast and employees cannot continue on. But do you already have a plan? Often you know something like this for a long time but postpone difficult decisions.,"You would hire all of your current employees again. Congratulations, that's really great. You have worked on your hiring and development policy. - Or you are not critical enough. Which one is it?",4
Q06,Every employee has a training plan,"Management thinker Tom Peters stated in his latest book 'one of the greatest responsibilities of an employer nowadays is the continuous development of employees'. In fast growing companies, roles are continuously changing, the need for training and education is therefore imperative. With your company size it is substandard that none of this is implemented. You might want to prioritize and discuss this with your leadership team.","Management thinker Tom Peters stated in his latest book 'one of the greatest responsibilities of an employer nowadays is the continuous development of employees'. In fast growing companies, roles are continuously changing, the need for training and education is therefore imperative. You have this partially executed. You might want to start thinking about bringing it up to par.","Management thinker Tom Peters stated in his latest book 'one of the greatest responsibilities of an employer nowadays is the continuous development of employees'. In fast growing companies, roles are continuously changing, the need for training and education is therefore imperative. You have already implemented for most people. Well done. Maybe good finalize and implement for all employees and make Tom happy.","Management thinker Tom Peters stated in his latest book 'one of the greatest responsibilities of an employer nowadays is the continuous development of employees'. In fast growing companies, roles are continuously changing, the need for training and education is therefore imperative. You have already implemented this to the full extend. Well done, Tom would be proud.",4
Q07,Outsourcing / Offshoring operations,"You are not active with offshoring or outsourcing, this strategy is completely depending on your product/service, cost and scaling strategy.","You are somewhat active with offshoring or outsourcing, this strategy is completely depending on your product/service, cost and scaling strategy","You are active with offshoring or outsourcing, this strategy is completely depending on your product/service, cost and scaling strategy.","You are very active with offshoring or outsourcing, this strategy is completely depending on your product/service, cost and scaling strategy.",4
Q08,We apply flat-management or self-steering/organizing teams,"You have not implemented new management models, when things work for you, don't change.","You have somewhat implemented new management models. With your company size it is risky to experiment. Please note that changing management models often has great impact on people and culture. Mostly positive, but not always.","You are active with the implementation of new management models. Interesting, we hope this helps scaling your company better and faster.","You have fully implemented a new management model. Well done, we hope it will help you scale and grow.",4
Q09,We have Core values,"Core values are the internal 'rules of the game'. It's essential to have absolute clarity on this if you start or continue to grow rapidly. In your phase it's useful to have a clearer picture on the core values, especially if you regularly hire new people. So start on this.","Core values are the internal 'rules of the game'. It's essential to have absolute clarity on this if you start or continue to grow rapidly. In your phase it's necessary to have a clearer picture on the core values, especially if you regularly hire new people. You have started on this. Finish, refine and communicate, is what we recommend.","Core values are the internal 'rules of the game'. It's essential to have absolute clarity on this if you start or continue to grow rapidly. In your phase it's necessary to have a clearer picture on the core values, especially if you regularly hire new people. You have already actively started doing this, and that's good. Finish quickly and continuously communicate is the name of the game.","Core values are the internal 'rules of the game'. It's essential to have absolute clarity on this if you start or continue to grow rapidly. In your phase it's necessary to have a clearer picture on the core values, especially if you regularly hire new people. You have them, and you are communicating them effectively, which is great. What do you do when employees appear not to be conducting themselves according to these values?",4
Q10,We have focus on customers' needs,"Growth often creates increased management attention to internal matters,employees,newpremises,computersystems,etc.Themost rapidly growing and successful companies keep a sharp focus on the continuously (changing) needs of the customer. Making and keeping this focus and attention explicit is important, especially in this phase of your company.","Growth often creates increased management attention to internal matters,employees,newpremises,computersystems,etc.Themost rapidly growing and successful companies keep a sharp focus on the continuously (changing) needs of the customer. Making and keeping this focus and attention explicit is important, especially in this phase of your company.","Growth often creates increased management attention to internal matters,employees,newpremises,computersystems,etc.Themost rapidly growing and successful companies keep a sharp focus on the continuously (changing) needs of the customer. You have already gotten far; keep it up!","Growth often creates increased management attention to internal matters,employees,newpremises,computersystems,etc.Themost rapidly growing and successful companies keep a sharp focus on the continuously (changing) needs of the customer. You have that completely under control; keep it up, even during your next growth phases.",3
Q11,Employees know core values,"You have not yet formulated any core values. This is increasingly crucial in your phase. When everyone knows the rules of the game and acts accordingly, this ensures seamless operation. Especially when you continue to grow and keep hiring new people.","You have formulated core values; however, if these are not paid continuous attention - especially when you grow and regularly hire employees - these will not be effective. In your phase, it's really essential to work hard on this. Start with regular communication and create dialogue around these core values.","You have formulated core values, and your employees are reasonably familiar with them. But there is still work to be done. Keep communicating them and create dialogue as to why these core values are so important.","You have formulated core values, and your employees know all of them well and act accordingly. That's really a job well done. Keep communicating them and create dialogue as to why these core values are so important.",4
Q12,We are transparent,"Transparency of information (about customers, sales, goals, growth, etc.) produces greater employee involvement. In addition, it often prevents internal ""politics"". It would be beneficial for you to start considering what information you are willing to share.","Transparency of information (about customers, sales, goals, growth, etc.) produces greater employee involvement. In addition, it often prevents internal ""politics"". It would be good if you could start thinking about what information you are even more willing to share.","Transparency of information (about customers, sales, goals, growth, etc.) produces greater employee involvement. In addition, it often prevents internal ""politics"". You have already achieved reasonable transparency, which is good. Maybe you can increase this transparency even more by examining what information you want to share.","Transparency of information (about customers, sales, goals, growth, etc.) produces greater employee involvement. In addition, it often prevents internal ""politics"". You are already doing very well in this area. Keep it up!",4
Q13,We have a positive and healthy culture,"""Culture eats Strategy for breakfast"" is a famous quote from management guru Peter Drucker. The outside world is changing rapidly, but a positive and healthy culture in which employees take responsibility, think along and always act in the interest of the company is therefore an enormous ""asset"". You have a reasonable size and you have a strong and healthy culture. That is very valuable! Make sure to hold on to these as you continue to grow.","""Culture eats Strategy for breakfast"" is a famous quote from management guru Peter Drucker. The outside world is changing rapidly, but a positive and healthy culture in which employees take responsibility, think along and always act in the interest of the company is therefore an enormous ""asset"". Given your size, it is very important that you quickly start working on such a culture even more consciously.","""Culture eats Strategy for breakfast"" a famous quote from management guru Peter Drucker. The outside world is changing rapidly, but a positive and healthy culture in which employees take responsibility, think along and always act in the interest of the company is therefore an enormous ""asset"". You already have a decent size and you have a fairly strong and healthy culture, but develop it further and make sure you hold on to it as you grow further.","""Culture eats Strategy for breakfast"" is a famous quote from management guru Peter Drucker. The outside world is changing rapidly, but a positive and healthy culture in which employees take responsibility, think along and always act in the interest of the company is therefore an enormous ""asset"". You already have a decent size and you have a fairly strong and healthy culture, but develop it further and make sure you hold on to it as you grow further.",4
Q14,We have formulated a long term (non-financial) goal,"You have not yet formulated a clear long-term goal. That's too bad, because a long-term goal provides direction and context and above all motivation for all employees. Companies that do this effectively are at an enormous advantage.","You have not yet formulated a clear long-term goal, but you have begun to do so. That's great, because a long-term goal provides direction and context and above all motivation for all employees. Companies that do this effectively are at an enormous advantage. Good luck formulating your goal!","You have already come far with the formulation of your long-term goal. That's great, because a long-term goal provides direction and context and above all motivation for all employees. Companies that do this effectively are at an enormous advantage. Good luck formulating your goal.","You have formulated a long-term goal. That's great, because a long- term goal provides direction and context and above all motivation for all employees. Companies that do this effectively are at an enormous advantage. Try keeping this ""alive"" and repeating it as much as possible.",4
Q15,We have formulated yearly goals,You indicate that you do not work with measurable annual goals (e.g. both financially and organizationally or with regard to product or market development). This doesn't seem very logical for a company of your size. Maybe it's time to start. This will have a clarifying and motivating effect and ensure growth. Good luck with the implementation.,"You do not yet formulate clear, measurable annual goals. The clearer and more measurably you formulate your goals (both financially and organizationally or with regard to product or market development), the higher the chance that you will also achieve those goals. This will have a clarifying and motivating effect and ensure growth. Given the size of your company, we recommend that you implement this as soon as possible.","You are already working on formulating measurable annual goals - better late than never. The clearer and more measurably you formulate your goals (both financially and organizationally or with regard to product or market development), the higher the chance that you will also achieve those goals. This will have a clarifying and motivating effect and ensure growth.","You have the process of measurable annual goals well under control. That's great. The clearer and more measurably you formulate your goals (both financially and organizationally or with regard to product or market development), the higher the chance that you will also achieve those goals. Keep it up!",4
Q16,We have formulated quarterly/ monthly goals (other than financial goals),"You have no monthly or quarterly goals. Ouch, that's very unusual for a company of your size. Monthly or quarterly goals give you guidance and direction and ensure that you will achieve your annual goals. Think of them as ""small sprints"" that you have to win in order to achieve your annual goal. Fast growers are very disciplined in this process. You should start immediately.","You have started setting measurable monthly or quarterly goals. Given the size of your company, it's important to continue to implement this quickly. After all, monthly or quarterly goals give you guidance and ensure that you will achieve your annual goals. Think of them as ""small sprints"" that you have to win in order to achieve your annual goal. Fast growers are very disciplined in this process.",You have already come far with measurable monthly or quarterly goals. Monthly or quarterly goals give you guidance and direction and ensure that you will achieve your annual goals. Try making this into a regular process.,"You have the process of monthly and quarterly goals entirely under your thumb. That's good, because the fastest growers are very disciplined in this process.",4
Q17,We work with a strategic plan,"You do not yet have a business plan. Given the size of your company, it's about time you did. Establishing your goals, strategy and action plan can bring about a lot of clarity and teach you to anticipate certain challenges. When is the personnel planning done? What will the marketing strategy and the associated costs be? You have to make many difficult choices; a complete overview and plan will help you with this, including in the financial aspect.","You have started putting together a business plan. Given the size of your company this seems quite late. Establishing your goals, strategy and action plan can bring about a lot of clarity and teach you to anticipate certain challenges. When should you hire someone? What will the marketing strategy be? You have to make many difficult choices; a complete overview and plan will help you with this, including in the financial aspect.","You have already come far with working with a business plan; that's good. Establishing your goals, strategy and action plan can bring about a lot of clarity and teach you to anticipate certain challenges. When should you hire someone? What will the marketing strategy be? You have to make many difficult choices; a complete overview and plan will help you with this, including in the financial aspect.","You have a well-thought-out business plan and are working with it. Establishing your goals, strategy and action plan can bring about a lot of clarity and teach you to anticipate certain challenges. That's the right approach to growing!",4
Q18,Each employee has personalized goals,"You haven't started working on personal goals yet. Team goals and personal goals are the next step in working efficiently. This creates clarity, commitment, personal responsibility and motivation. Think about how this would work at your company.","You have started working on personal goals; that's good. Team goals and personal goals are the next step in working efficiently. This creates clarity, commitment, personal responsibility and motivation. Good luck working out your personal goals in further detail.","You have already come far with implementing personal goals; that's good. Team goals and personal goals are the next step in working efficiently. This creates clarity, commitment, personal responsibility and motivation. Good luck with your continued implementation.","You have fully and properly implemented goals at the employee level. That's great! You will have noticed that this creates clarity, commitment, personal responsibility and motivation.",4
Q19,We have implemented a growth methodology,"You have not yet implemented a growth methodology. The larger you grow, the more difficult it is to implement new ways of working. Now would be the time to invest in the type of leadership, systems and processes that propel your growth.","Youhavesomewhatimplementedagrowthmethodology.Thelarger you grow, the more difficult it is to implement new ways of working. Now would be the time to speed up implementation of the type of leadership, systems and processes that will propel your growth.","You are actively implementing a growth methodology. Good work! The larger you grow, the more difficult it is to implement new ways of working. So your timing is good. A full implemented system will create a strong foundation for your future scaling up.","You have already fully implemented a growth methodology, compliments! That will create a strong foundation for further scaling up. Well done!",4
Q20,We have an active acquisitions strategy,"You are not active with acquisitions, you might be right, as 70% of the acquisitions turns out to be disappointing.",You are somewhat active with acquisitions or maybe you are considering it. Please understand that acquisitions consume much leadership time and attention. Note that 70% of the acquisitions turns out to be disappointing.,"You are active with acquisitions, that might be a great growth strategy for your company. Acquisitions consume much leadership time and attention. Note that 70% of the acquisitions turns out to be disappointing.",Acquiring companies is part of your growth strategy. Hopefully you are able to absorb and integrate. The largest challenges usually present themselves in different company cultures.,4
Q21,Tasks are properly allocated,"You do not yet have an efficient leadership team. That's incomprehensible in your phase. It would be best for decisions to be increasingly discussed, made, accounted for and above all implemented by the group. Now you are doing most of it yourself, which places unjustified pressure on you as an entrepreneur, manager and leader.","You do not yet have an efficient leadership team. That's very problematic in your phase. Decisions must increasingly be discussed, made, accounted for and above all implemented by the group. Now you are doing most of it yourself, which places unjustified pressure on you as an entrepreneur, manager and leader.",You are already doing well with assembling a leadership team. And not a moment too soon! This will help you create more involvement and make the company less dependent on you. Make sure you get a good team together.,"You have set up an efficient team. Good job. Always keep thinking about how best to shape your leadership team, also with a view to the future.",4
Q22,We have weekly management meetings.,You do not have weekly meetings. That's highly unusual for a company of your size. Maybe your business model permits this... or you have answered the question incorrectly. It's high time to create structure and have regular meetings. Having regular weekly meetings with your most important leaders is essential for making the right decisions together and monitoring progress.,You occasionally have meetings with your leaders. This seems very unusual given the size of your company. You should implement a set schedule and systematically make all decisions. Having regular weekly meetings with your most important leaders is essential for making the right decisions together and monitoring progress.,You have regular meetings with your leaders. You should implement a set schedule and systematically make all decisions. Having regular weekly meetings with your most important leaders is essential for making the right decisions together and monitoring progress.,You have regular weekly meetings with your leaders. That's great! That's one of the building blocks to properly manage your growth.,4
Q23,We have periodic strategic sessions.,You do not yet have strategic sessions. Now it's really important to involve employees in long-term planning. That's why you should start planning strategic sessions with all - or your most important - employees.,"You occasionally have sessions where you develop longer-term plans. Regular mutual consultation about the strategic direction of the company often leads to more effective operations, wider acceptance of decisions and therefore growth.",You have regular sessions where you develop longer-term plans. That's good; mutual consultation about the strategic direction of the company often leads to more effective operations and therefore growth.,Your longer-term planning is in order; that's a good start for accelerating growth.,4
Q24,Leadership team receives regular training,A growing organization means that tasks and therefore also the required skills are continuously changing. We recommend that you start approaching this in a systematic manner.,Training and education for your organization's leadership team is not yet in order. It's time to improve this situation.,"Most members get training or education from time to time. That's a good start. After all, when your organization is growing rapidly and therefore constantly changing, it is also important for management members to continue learning.","You have the training and education of your leadership team in order. Good job. Keep it up. Growing organizations continuously require other skills, including those in leadership.",4
Q25,Our goals are translated into clear KPIs,"Making goals measurable is an important step towards creating personal accountability and professionalizing processes. This includes numbers of leads, receive applications, IT development, etc. It's time to start thinking about this, as this will help you with control, scalability and growth into the next phase.","You have already started working on making your goals measurable. That's great; this is an important step towards creating personal accountability and professionalizing processes. This includes numbers of leads, received applications, IT development, etc. This can be especially important if you grow, in order to keep everything under control.","You have already gotten far with making your goals measurable. This is an important step towards creating personal accountability and professionalizingprocesses.Thisincludesnumbersofleads,received applications, IT development, etc. In your phase this will help you with control and above all with scalability of the organization into the next phase.","You have already translated your goals into measurable indicators. This is an important step towards creating personal accountability and professionalizing processes. This includes numbers of leads, received applications, IT development, etc. This can be especially important for keeping everything under control if you continue to grow.",4
Q26,We use real-time data to measure our performance,"You are constantly searching for the right information at your company. With a company of your size this will likely increasingly lead to mistakes, wrong decisions and problems. Consider systems and processes that can support your company's figures, as this is necessary for better guiding your company and allowing it to grow.","You have started creating accurate data for guiding your company. That's good, but you should continue down this path because otherwise this will likely increasingly lead to mistakes, wrong decisions and problems and later - if you continue to grow - you'll inevitably end up in trouble.",You have already gotten far with creating accurate data for guiding your company. That's great. Keep thinking about how this system can continue to provide you with relevant information next year as well.,You have a system that continually provides you with accurate data. That's great. Keep thinking about how this system can continue to provide you with relevant information.,4
Q27,"We grow with limited mistakes, errors and problems","Work pressure and lack of process often lead to coordination problemsandmistakes.That'sashameandcouldpotentiallydamage your reputation among customers. Especially given the size of your company, it's time to take stock of processes and make clear arrangements. If you don't like doing this yourself, ask a member of your management team to make this his or her most important priority. If you don't resolve this, it will only get worse.","You have started coordinating and standardizing, but things still go wrong on a regular basis. It's time to pay even more attention to taking stock of processes and making clear agreements. This is necessary for handling the next growth phase. Scalability is created by standardization, among other things.",Few things go wrong. Do ensure that your processes also run flawlessly if you start to grow. This is not often the case.,"You have things well under control. You make extremely few ""error costs."" Do ensure that your processes also run flawlessly if you continue to grow. This may not be the case.",4
Q28,We measure customer satisfaction,"You do not yet measure customer satisfaction. That's too bad, because this provides important input for the further development of your products and processes. In any case, you should try having regular contact with customers to find out what you can improve.","You have started occasionally measuring your customers' satisfaction. That's great. Try to ""institutionalize"" this process and see what you can improve every day, week or month.","You have already gotten far with measuring your customers' satisfaction. That's great. Try to ""institutionalize"" this process and see what you can improve every day, week or month.",You are already systematically measuring your customers' satisfaction. That's great; keep the results alive and try to act on the input you get as proactively as possible.,4
Q29,We have systematic processes for continuous improvement,"A system for preventing mistakes and taking stock of complaints/feedback is very important with a company of your size. Frequently, new people will be hired. Then it's good to structure work processes and set up a system of quality checks and customer feedback. Preventing mistakes is usually significantly cheaper than continually fixing them. It's time to think about this.","You are already doing something in the area of quality management, and that's good. At your level it's good to structure work processes and set up a system of quality checks and customer feedback. Preventing mistakes is usually significantly cheaper than continually fixing them.",You are already active in the area of quality management and continuous improvement. That's good. This will help with the scalability of the organization in the face of continued growth.,"You have an effective quality system, and that's great. This will be a massive advantage for you whilst the company continues to grow, as mistakes will be prevented and adjustments made directly based on customer feedback.",4
Q30,We have an effective lead generation process,"To grow you need new customers. With a company of your size, not having a lead generation process is dangerous. Especially when a large part of sales is dependent on you as an entrepreneur. It might be wise to establish and implement a system and process now.","You have already started a lead generation process. That's a good initiative. With a company of your size, allowing the acquisition of new customers to only depend on the entrepreneur or on coincidence is dangerous. For continued growth, it would be wise to implement an effective process and system for this.","You have already gotten far with a lead generation process. This is a good initiative, as this will be essential for continued growth.",You already have an effective lead generation process in place. That's great! An effective system and process is essential for continued rapid growth.,4
Q31,Sales achievement,"Having and achieving targets is, of course, the basis for business success and growth. At successful companies this correlation is no coincidence. The sales process will often consist of a combination of targets, bonus schemes, lead generation as well as weekly meetings, coaching, training, motivational sessions, etc. You are in the phase to really start thinking about that.","Having and achieving targets is, of course, the basis for business success and growth. At successful companies this correlation is no coincidence. The sales process will often consist of a combination of targets, bonus schemes, lead generation as well as weekly meetings, coaching, training, motivational sessions, etc. It might be good to think about how you can improve this at your company.","Having and achieving targets is, of course, the basis for business success and growth. At successful companies this correlation is no coincidence. The sales process will often consist of a combination of targets, bonus schemes, lead generation as well as weekly meetings, coaching, training, motivational sessions, etc. You are already well on the way. It might be good to think about what improvements you can make, so you can grow even faster.","Having and achieving targets is, of course, the basis for business success and growth. At successful companies this correlation is no coincidence. The sales process will often consist of a combination of targets, bonus schemes, lead generation as well as weekly meetings, coaching, training, motivational sessions, etc. You have this process well under control, so you are all set for further growth.",4
Q32,Weekly sales meeting,"Stimulating sales is hardly possible without a disciplined process. A weekly sales meeting in which successes as well as setbacks and lessonslearnedaresharedisanimportantpartofthesuccessoffast- growing companies. Often there are also one-on-one meetings with individual sales reps - if applicable. Given the size of your company, it seems high time to start with this.",Stimulating sales is hardly possible without a disciplined process. A weekly sales meeting in which successes as well as setbacks and lessonslearnedaresharedisanimportantpartofthesuccessoffast- growing companies. Often there are also one-on-one meetings with individual sales reps - if applicable. It's time to quickly get this to a higher level.,You have already gotten far with a disciplined sales process. A weekly sales meeting in which successes as well as setbacks and lessonslearnedaresharedisanimportantpartofthesuccessoffast- growing companies. Often there are also one-on-one meetings with individual sales reps - if applicable. This is very important for making your growth scalable.,"You have a disciplined sales process with weekly meetings. That's great. You will have noticed that sharing successes and lessons learned, alongside maintaining a focused team, allows for a stronger grip on the sales funnel. That's an ideal foundation for continued growth.",4
Q33,Head of sales is not the entrepreneur,"Also, you can only commit your time once as an entrepreneur. That also applies to sales management. With the increasing pressure on general management tasks, it's good to ensure that you as an entrepreneur free up sufficient time for this. If this is not the case, you will have to start making choices.","Also, you can only commit your time once as an entrepreneur. That also applies to sales management. With the increasing pressure on general management tasks, it's good to ensure that you as an entrepreneur free up sufficient time for this. If this is not the case, you will have to start making choices.","As an entrepreneur, you are no longer solely in charge when it comes to sales. That's wise, as this allows the sales process to continue scaling up while you, as an entrepreneur, deal with more general management tasks.","You have made someone else responsible for sales. This seems like a good choice, since now sales is no longer ""an additional task"" for you as an entrepreneur. But be careful! Your best salesperson may not necessarily be a good (sales) manager.",3
Q34,We have an effective PR/communication strategy,Nowadays sales and marketing strategies are usually accompanied with an effective content-based communication strategy. This is something you might want to think about.,Nowadays sales and marketing strategies are usually accompanied with an effective content-based communication strategy. You might want to think about implementing this a bit stronger.,"Nowadays sales and marketing strategies are usually accompanied with an effective content-based communication strategy. You are active with this strategy. Well done, this might create growth opportunities.","Nowadays sales and marketing strategies are usually accompanied with an effective content-based communication strategy. You have already implemented this fully. Well done, this probably will create growth opportunities.",4
Q35,Most processes are automated,"In order to scale, smart application and linking of information technology is essential. Sales, marketing, project management, production,humanresources,reporting,etc.Thisgivesstructureand clarity, prevents mistakes and makes growing a lot easier. You still do not have supporting automated systems. This is remarkable.","In order to scale, smart application and linking of information technology is essential. Sales, marketing, project management, production,humanresources,reporting,etc.Thisgivesstructureand clarity, prevents mistakes and makes growing a lot easier. You have partial automation and a lot of systems probably still work independently of each other. However, with the size of your company, you will quickly have to start thinking about smart (integrated) solutions.","In order to scale, smart application and linking of information technology is essential. Sales, marketing, project management, production,humanresources,reporting,etc.Thisgivesstructureand clarity, prevents mistakes and makes growing a lot easier. A lot of processes are already being supported by automation at your company. Above all, you should continue the integration process.","Most processes are already being supported by automated systems at your company. Sales, marketing, project management, production, human resources, reporting, etc. This gives structure and clarity, prevents mistakes and makes growing a lot easier. Congratulations, on to the next growth phase!",4
Q36,Systems prepped for growth,"Your systems are not yet prepared for growth. When you continue to grow, a lot changes at the same time: systems, structures, people, processes, etc. It helps a lot when your systems can handle this growth. Otherwise it's sort of like changing the tires while driving. We advise you to start ""thinking ahead"" in terms of structures and systems.","If you grow, a lot changes at the same time: systems, structures, people, processes, etc. It helps a lot when your systems can handle this growth. Otherwise it's sort of like changing the tires while driving! We advise you to quickly start ""thinking ahead"" in terms of structures and systems.","If you grow, a lot changes at the same time: systems, structures, people, processes, etc. It helps a lot when your systems can handle this growth. It looks like you have got this under control. That's super... keep growing!","When you grow, a lot changes at the same time: systems, structures, people, processes, etc. It's great that you already have the systems that can handle this. Keep growing!",4
Q37,Better systems than competitors,"Many fast growers have invested in information technology systems that help them be better, smarter, more efficient and more market- oriented than their competitors. You don't have any systems that are better than most of your competitors. Where might IT be able to help you?","Many fast growers have invested in information technology systems that help them be better, smarter, more efficient and more market- oriented than their competitors. You have few systems that are better than most of your competitors. Where might IT be able to help you?","Many fast growers have invested in information technology systems that help them be better, smarter, more efficient and more market- oriented than their competitors. It looks like you pay the same attention to IT systems. That's promising! How can you continue to exploit this advantage?","Many fast growers have invested in information technology systems that help them be better, smarter, more efficient and more market- oriented than their competitors. It looks like you pay the same attention to IT systems. This has resulted in superior systems compared to your competitors. How can you continue to exploit this advantage? And how you can hold on to this lead?",4
Q38,Knowledge on latest technology,"As an entrepreneur, you always have 1001 focus areas You must keep an eye on technological developments that could enormously affect your business model or company efficiency. You should devote time to this on a regular basis.","As an entrepreneur, you always have 1001 focus areas. You must keep an eye on technological developments that could enormously affect your business model or company efficiency. You could spend more time on this.","As an entrepreneur, you always have 1001 focus areas. You keep a relatively good eye on technological developments that could enormously affect your business model or company efficiency. Keep a close eye on this.","As an entrepreneur, you always have 1001 focus areas. You keep a good eye on technological developments that could enormously affect your business model or company efficiency. This is a safe situation. No surprises.",4
Q39,We are more innovative than competitors,"In this world, where developments are super fast, you can quickly be made less relevant by a competitor if you don't pay attention (for example, by focusing too much on internal issues). It is wise to continuously make improvement and innovation part of the organization's DNA.","In this world, where developments are super fast, you can quickly be made less relevant by a competitor if you don't pay attention (for example, by focusing too much on internal issues). It is wise to continuously make improvement and innovation part of the organization's DNA.","In this world, where developments are super fast, you can quickly be made less relevant by a competitor if you don't pay attention (for example, by focusing too much on internal issues). You have a good focus on innovation. Keep this up, even when you are growing.",You are more active with innovations than your competitors. That's good. Perhaps you can constantly stay ahead of the market?,3
Q40,Our business model is disruptive,You do not have a disruptive business model. Keep your eyes open for newcomers in your market. Or you might want to think creating a disruptive model yourself.,"You have somewhat of a disruptive business model. That might gold. Further validation, speed and scaling up of the model are the things that now matter most.",You have a somewhat disruptive business model. That is gold. Speed and scaling up are the things that now matter most.,You have a disruptive business model. That's gold. Speed and Scaling Up are now fundamental in conquering most of your market.,4
Q41,Real time financial insights,"You have no up-to-date knowledge of sales and costs. For a growth company, this is the same as driving 90 mph with a blindfold on. Maybe this should be your first priority to tackle tomorrow.","You hardly have any up-to-date knowledge of sales and costs. For a growth company, this is the same as driving 90 mph with a blindfold on. Maybe this should be your first priority to tackle tomorrow.",You have a reasonably up-to-date picture of your sales and costs. That's good; your aim should be to always have a clear picture of these items.,You have a good picture of sales and costs. No surprises for you. Compliments.,4
Q42,Up-to-date cashflow planning,"Remarkably, you employ no cash flow planning. As an entrepreneur, you always have to look ahead a few months with regard to your cash flow, as otherwise you'll inevitably end up in trouble, especially if you grow.","You don't employ strict cash flow planning. As a small business, you always have to look ahead a few months with regard to your cash flow, as otherwise you'll inevitably end up in trouble, especially if you grow.",You have a fair picture of your cash flow. That's good. You have to be able to look ahead a few months. Especially if you grow; no surprises!,You have a perfect picture of your own cash flow; congratulations. This allows you to grow safely.,4
Q43,Access to growth capital,"You have no access to growth capital. This isn't a problem, unless you want to grow a lot. After all, growth gobbles up cash. You could create a list of the various alternatives (friends/fools/family, the bank, factoring, SME bonds, crowd funding, angel investors, private equity, Government Funding, etc.). There are a lot of service providers who can help you with this.","You have no clear picture of your access to growth capital. This isn't a problem, unless you want to grow a lot. After all, growth gobbles up cash. You could create a list of the various alternatives (friends/fools/family,thebank,factoring,SMEbonds,crowdfunding, angel investors, private equity, Government Funding, etc.). There are a lot of service providers who can help you with this.","You have reasonable access to growth capital. That's encouraging, especially if you want to grow. Growth always gobbles up cash. Also think about all the alternatives, such as friends/fools/family, the bank, factoring, SME bonds, crowd funding, angel investors, private equity, Government Funding, etc.). There are a lot of service providers who can help you with this.","You have good access to growth capital. That's encouraging, especially if you want to grow. Growth gobbles up cash. It's important to consider the alternatives, including the bank, factoring, SME bonds, crowdfunding, angel investors, private equity, Government Funding etc. There are many service providers who can assist.",4
Q44,Financial alert function,"It is crucial to have ""early warning systems"" with regard to financial parameters. The faster you can intervene or take measures, the better. You indicate that this is not the case at your company. That's dangerous. What are you going to do about it?","It is crucial to have ""early warning systems"" with regard to financial parameters. The faster you can intervene or take measures, the better. You indicate that this is not always the case at your company. That's dangerous. What are you going to do about it?","You indicate that your ""early warning system"" for financial parameters is in order. The faster you can intervene or take measures, the better. But why isn't your score ""perfect"" yet? What are you going to do about it?","You indicate that your ""early warning system"" for financial parameters is perfectly in order. The faster you can intervene or take measures, the better.",4
Q45,Leadership understands balance sheet,"Reading and understanding a balance sheet appears to be a tricky thing for many entrepreneurs. While a balance sheet is a smart blueprint that can expose the dynamics and growth potential behind your company. With a company of your size this is not a priority, but if you grow you should spend a good amount of time and attention on this.","Reading and understanding a balance sheet appears to be a tricky thing for many entrepreneurs. While a balance sheet is a smart blueprint that can expose the dynamics and growth potential behind your company. With a company of your size this is not a priority, but if you grow you should spend a good amount of time and attention on this.","Reading and understanding a balance sheet appears to be a tricky thing for many entrepreneurs. While a balance sheet is a smart blueprint that can expose the dynamics and growth potential behind your company. You are already fairly good at this. This will become increasingly important, especially if you grow.",Reading and understanding a balance sheet appears to be a tricky thing for many entrepreneurs. But not for you. You understand that a balance sheet can be a smart blueprint that can expose the dynamics and growth potential behind your company.,3
Q46,CEO works on the company and is able to remove from daily operations,"You indicate that you are still working fully in your company. That's very unusual in this phase. But if you don't put in any time to work on your company as well (systems, structures, processes, management, etc.), then it will be difficult to keep growing. When do you start?","In this phase you work in your company to a large extent. If you don't put in any time to work on your company as well (systems, structures, processes, management, etc.), then it will be difficult to grow. When do you start?",In this phase you work on your company to a large extent. That's very good. On to strong growth!,In this phase you work fully on your company. That's excellent. On to strong growth!,4
Q47,Have a mentor,"You indicate that you have no mentor. It can be difficult to see when you are stuck. Sometimes choices are a challenge, or you have simply reached the end of your tether. Maybe you need to change to guide the company to its next phase? Whatever it may be, this is where a mentor can be of great assistance.","You don't really have a permanent mentor. It can be difficult to see when you are stuck. Sometimes choices are a challenge, or you have simply reached the end of your tether. Maybe you need to change to guide the company to its next phase? Whatever it may be, this is where a mentor can be of great assistance.","It can be difficult to see when you are stuck. Sometimes choices are a challenge, or you have simply reached the end of your tether. Maybe you need to change to guide the company to its next phase? Whatever it may be, this is where a mentor can be of great assistance. Good that you have one!","It can be difficult to see when you are stuck. Sometimes choices are a challenge, or you have simply reached the end of your tether. Maybe you need to change to guide the company to its next phase? Whatever it may be, this is where a mentor can be of great assistance. Great that you have a good mentor!",4
Q48,Have an entrepreneurial network,"Most entrepreneurs experience the same challenges, highs and lows. Other entrepreneurs you know can often be of great assistance with their experiences. We recommend that you actively look for and invest time in a network of entrepreneurs.","Most entrepreneurs experience the same challenges, highs and lows. Other entrepreneurs you know can often be of great assistance with their experiences. We recommend that you actively look for and invest more time in a good network of entrepreneurs.","Most entrepreneurs experience the same challenges, highs and lows. Other entrepreneurs you know can often be of great assistance with their experiences. You have a network of entrepreneurs that you can consult; well done.","Most entrepreneurs experience the same challenges, highs and lows. Other entrepreneurs you know can often be of great assistance with their experiences. You have an effective network of entrepreneurs that you can consult; well done.",4
Q49,Enjoy management of company,You don't like managing. Many entrepreneurs find out that managing people costs a lot of time and energy. With a company of your size you probably work with a management team and/or a second-in- command who is good in operations. The challenge is for you not to get in their way and to focus fully on the future of the company.,You don't really like managing. Many entrepreneurs find out that managing people costs a lot of time and energy. With a company of your size you probably work with a management team and/or a second-in-command who is good in operations. The challenge is for you not to get in their way and to focus fully on the future of the company.,"You like managing somewhat. Hopefully you are doing this together with an effective management team. One of the challenges of entrepreneurs in your phase is to deal less and less with management. You need to let your team do their job and focus more on strategy, major customers, growth, internationalization and innovation.","You like managing. Hopefully you are doing this together with an effectivemanagementteam.Oneofthechallengesofentrepreneurs in your phase is to deal less and less with management. You need to let your team do their job and focus more on strategy, major customers, growth, internationalization and innovation.",4
Q50,Energized by team and company,"It is not unusual for entrepreneurs to become ""sick"" of their company after about seven years. Employees can change jobs or companies. Entrepreneurs can't. The best solution that doesn't cost money but does deliver is to let your company grow hard (again); then every year is different.","It is not unusual for entrepreneurs to become ""sick"" of their company after about seven years. Employees can change jobs or companies. Entrepreneurs can't. The best solution that doesn't cost money but does deliver is to let your company grow hard (again); then every year is different.",You still get energy from your company. That's great; use all this energy to let your company grow.,You still get energy from your company. That's great; use all this energy to let your company grow.,2
Q51,Absence of CEO is possible,"You still can't leave without things going wrong. You have made the company, the processes and the people too dependent on you. That's not scalable and causes you in particular a lot of work, stress and likely also annoyance. We recommend that you start working on standardization, establishing processes and probably also on hiring better people.","You still can't leave without some things going wrong. You have made the company, the processes and the people too dependent on you. That's not scalable and causes you in particular a lot of work, stress and likely also annoyance. We recommend that you start workingonstandardization,establishingprocessesandprobablyalso on hiring better people.","Fortunately, you can easily leave for three weeks without things going completely wrong. You probably have an excellent team working for you, as well as standardized processes. That's a nice scalable model for growth.","You can easily leave for three weeks without things going wrong. Excellent. You probably have an excellent team working for you, as well as standardized processes. Your next challenge is being away for three months; then you'll really have built an independent organization.",4
Q52,Read business books,"You never read management books. That's a shame, because in order to grow it will be imperative to have skills, ideas and insights that were documented by others years ago. And don't forget: ""stagnant water will stink."" This also applies to businesses.","You don't often read management books. That's a shame, because in order to grow it will be imperative to have skills, ideas and insights that were documented by others years ago. And don't forget: ""stagnant water will stink."" This also applies to businesses.","You occasionally read management books. That's great, because in order to grow it will be imperative to have skills, ideas and insights that were documented by others years ago. Keep reading; keep developing yourself.","You read management books on a regular basis. That's great, because in order to grow - and for your next growth phase - it will be imperative to have skills, ideas and insights that were documented by others years ago. Keep reading; keep developing yourself.",4
Q53,Receives regular education,"You never attend external education or training courses. That's too bad. Because even as an entrepreneur, you need to develop yourself. Often the entrepreneur him/herself is the most important part of the educational equation. Management guru Peter Drucker said: ""The bottleneck is always on top of the bottle."" In other words, keep developing yourself in order to let your organization grow.","Yousporadicallyattendexternaleducationortrainingcourses.That's too bad. Because even as an entrepreneur, you need to develop yourself. Often the entrepreneur him/herself is the most important part of the educational equation. Management guru Peter Drucker said: ""The bottleneck is always on top of the bottle."" In other words, keep developing yourself in order to let your organization grow.",You occasionally attend external or internal training courses. That's very good. Self-development is fundamental for overall company development.,You attend external education or training courses on a regular basis. That's very good. Self-development is fundamental for overall company development.,4
Q54,Healthy work - life balance,"You have a poor work-life balance. It is a challenge for many entrepreneurs to combine everything. Successful high-growth entrepreneurs teach us that we must always take good care of ourselves. Hard work is sometimes necessary, of course, but you should take enough time for yourself and not skip vacations. Working smart is the solution.","You have a poor work-life balance. It is a challenge for many entrepreneurs to combine everything. Successful high-growth entrepreneurs teach us that we must always take good care of ourselves. Hard work is sometimes necessary, of course, but you should take enough time for yourself and not skip vacations. Working smart is the solution.",You have a reasonably good work-life balance. It is a challenge for many entrepreneurs to combine everything. Successful high-growth entrepreneurs teach us that we must always take good care of ourselves. You have got that under control; well done.,You have a good work-life balance. It is a challenge for many entrepreneurs to combine everything. Successful high-growth entrepreneurs teach us that we must always take good care of ourselves. You have got that under control; good job.,3
Q55,I am happy,"You are absolutely not happy. If this feeling continues, talk to a mentor, another entrepreneur who has been in your shoes. Maybe entrepreneurship is not for you.","You are somewhat not happy. If this feeling continues, talk to a mentor, another entrepreneur who has been in your shoes. Maybe entrepreneurship is not for you.",You are mostly happy. Congratulations! Long may it last!,You are entirely happy. Congratulations! Long may it last!,4
Q56,Employees know long term goal,"A long-term goal for the organization gives everyone a clear framework for strategy and decisions - and can be very motivating. With a company of your size, it's really necessary for things to be clear, set down on paper and shared.",A long-term goal for the organization gives everyone a clear framework for strategy and decisions - and can be very motivating. Good that you have started doing this. It's important for you to finish this quickly.,A long-term goal for the organization gives everyone a clear framework for strategy and decisions - and can be very motivating. Good that you have already come a long way with this.,A long-term goal for the organization gives everyone a clear framework for strategy and decisions - and can be very motivating. Great that this is already all in place. Ensure you check this annually - verifying a valid long-term goal.,4
Q57,Employees know yearly goal,"Focusing on goals, including annual goals, provides direction and a framework to your business activities. In addition, this information motivates your employees. In this phase you should make all of this a bit clearer.","Focusing on goals, including annual goals, provides direction and a framework to your business activities. In addition, this information motivates your employees. Good that you have already started doing this; try to persevere and especially to communicate about this on a regular basis.","Focusing on goals, including annual goals, provides direction and a framework to your business activities. In addition, this information motivates your employees. Good that you have already come a long way with this. Above all try to keep your goals ""alive"".","Focusing on goals, including annual goals, provides direction and a framework to your business activities. In addition, this information motivates your employees. Fantastic that everyone knows what the annual goal is. Well done!",4
Q58,Employees know quarterly/monthly goals,"Focusing on goals, including monthly goals and KPIs, provides guidance and direction to business activities. Actually, you make a small sprint every month to ensure that you are ""on schedule"". The clearer the goal the clearer it becomes on how to achieve it. In your phase it helps when everyone knows which goal should be achieved. Perhaps you can start on this immediately!","Focusing on goals, including monthly goals and KPIs, provides guidance and direction to business activities. Actually, you make a small sprint every month to ensure that you are ""on schedule"". The clearer the goal the clearer it becomes on how to achieve it. Good that you have already started doing this. Hurry up and finish and implement it.","Focusing on goals, including monthly goals and KPIs, provides guidance and direction to business activities. Actually, you make a small sprint every month to ensure that you are ""on schedule"". The clearer the goal the clearer it becomes on how to achieve it. Good that you are already applying this. Think above all about clear and simple communication with respect to the goals.","Focusing on goals, including monthly goals and KPIs, provides guidance and direction to business activities. Actually, you make a small sprint every month to ensure that you are ""on schedule"". The clearer the goal the clearer it becomes on how to achieve it. Great that you have got this all together. Well done.",4
Q59,Employees know vision and mission,"As with the long-term goal - it is important for the company's vision and mission to be clear. This motivates employees and provides a clear framework for the activities. In your phase it's very important for you to have this very clear, and set down on paper.","As with the long-term goal - it is important for the company's vision and mission to be clear. This motivates employees and provides a clear framework for the activities. It's good that you have started on this, but it's important to finish quickly.",As with the long-term goal - it is important for the company's vision and mission to be clear. This motivates employees and provides a clear framework for the activities. Good to see that you have already come a long way with this. We recommend that you finish this quickly.,As with the long-term goal - it is important for the company's vision and mission to be clear. This motivates employees and provides a clear framework for the activities. Good to see you have this together.,4
Q60,Employees know elevator pitch,"You'd be surprised to hear the stories and answers you get to the question ""What exactly does your company do?"". It is a good idea to formulate a common language and text - and to practice together. Everything will become clearer. Both internally as well as externally.","You'd be surprised to hear the stories and answers you get to the question ""What exactly does your company do?"". It is a good idea to formulate a common language and text - and to practice together. Everything will become clearer. Both internally as well as externally.","You'd be surprised to hear the stories and answers you get to the question ""What exactly does your company do?"". It is a good idea to formulate a common language and text - and to practice together. It's good that you have already gotten this far with it. We recommend that you check occasionally... don't be surprised to see what you get.","You'd be surprised to hear the stories and answers you get to the question ""What exactly does your company do?"". It is a good idea to formulate a common language and text - and to practice together. You have this under control and that's great. Primarily, don't forget to check and polish occasionally.",3
Q61,We frequently have company-wide meetings,"Research shows that it's crucial to communicate goals and performance to all employees, providing them with context regarding development. Face-to-face, with internal sessions works best. With internal sessions, in other words. You are not doing this yet, or not doing it often enough... we recommend that you start on this quickly.","Research shows that it's crucial to communicate goals and performance to all employees, providing them with context regarding development. Face-to-face, with internal sessions works best. With internal sessions, in other words. You are already doing this, but still not often enough. We recommend that you increase the frequency of the sessions.","Research shows that it's crucial to communicate goals and performance to all employees, providing them with context regarding development. Face-to-face, with internal sessions works best. With internal sessions, in other words. You are already doing this, but perhaps still not often enough. More often is better... we recommend that you increase the frequency of the sessions.","Research shows that it's crucial to communicate goals and performance to all employees, providing them with context regarding development. Face-to-face, with internal sessions works best. With internal sessions, in other words. You are already doing this, and frequently. Try to keep this up, even in the face of continued growth.",4
